{"resources":[{"@type":"Symfony\\Component\\Config\\Resource\\FileResource","resource":"/home/gabriel-gomes/Desktop/blazar-frontend/blazar-backend/vendor/composer/installed.json"},{"@type":"Symfony\\Component\\Config\\Resource\\FileResource","resource":"/home/gabriel-gomes/Desktop/blazar-frontend/blazar-backend/src/Kernel.php"},{"@type":"Symfony\\Component\\Config\\Resource\\ClassExistenceResource","resource":"Symfony\\Component\\Translation\\DependencyInjection\\DataCollectorTranslatorPass","exists":[false,null]},{"@type":"Symfony\\Component\\Config\\Resource\\ClassExistenceResource","resource":"Symfony\\Component\\Translation\\DependencyInjection\\TranslatorPass","exists":[false,null]},{"@type":"Symfony\\Component\\Config\\Resource\\ClassExistenceResource","resource":"Symfony\\Component\\Translation\\DependencyInjection\\TranslatorPathsPass","exists":[false,null]},{"@type":"Symfony\\Component\\Config\\Resource\\ClassExistenceResource","resource":"Symfony\\Component\\Translation\\DependencyInjection\\LoggingTranslatorPass","exists":[false,null]},{"@type":"Symfony\\Component\\Config\\Resource\\ClassExistenceResource","resource":"Symfony\\Component\\Translation\\DependencyInjection\\TranslationExtractorPass","exists":[false,null]},{"@type":"Symfony\\Component\\Config\\Resource\\ClassExistenceResource","resource":"Symfony\\Component\\Translation\\DependencyInjection\\TranslationDumperPass","exists":[false,null]},{"@type":"Symfony\\Component\\Config\\Resource\\ClassExistenceResource","resource":"Symfony\\Component\\Form\\DependencyInjection\\FormPass","exists":[false,null]},{"@type":"Symfony\\Component\\Config\\Resource\\ClassExistenceResource","resource":"Symfony\\Component\\Workflow\\DependencyInjection\\WorkflowGuardListenerPass","exists":[false,null]},{"@type":"Symfony\\Component\\Config\\Resource\\ClassExistenceResource","resource":"Symfony\\Component\\Mime\\DependencyInjection\\AddMimeTypeGuesserPass","exists":[false,null]},{"@type":"Symfony\\Component\\Config\\Resource\\ClassExistenceResource","resource":"Symfony\\Component\\Scheduler\\DependencyInjection\\AddScheduleMessengerPass","exists":[false,null]},{"@type":"Symfony\\Component\\Config\\Resource\\ClassExistenceResource","resource":"Symfony\\Component\\Messenger\\DependencyInjection\\MessengerPass","exists":[false,null]},{"@type":"Symfony\\Component\\Config\\Resource\\ClassExistenceResource","resource":"Symfony\\Component\\HttpClient\\DependencyInjection\\HttpClientPass","exists":[false,null]},{"@type":"Symfony\\Component\\Config\\Resource\\FileResource","resource":"/home/gabriel-gomes/Desktop/blazar-frontend/blazar-backend/config/bundles.php"},{"@type":"Symfony\\Component\\Config\\Resource\\FileResource","resource":"/home/gabriel-gomes/Desktop/blazar-frontend/blazar-backend/config/packages/api_platform.yaml"},{"@type":"Symfony\\Component\\Config\\Resource\\FileResource","resource":"/home/gabriel-gomes/Desktop/blazar-frontend/blazar-backend/config/packages/cache.yaml"},{"@type":"Symfony\\Component\\Config\\Resource\\FileResource","resource":"/home/gabriel-gomes/Desktop/blazar-frontend/blazar-backend/config/packages/doctrine.yaml"},{"@type":"Symfony\\Component\\Config\\Resource\\FileResource","resource":"/home/gabriel-gomes/Desktop/blazar-frontend/blazar-backend/config/packages/doctrine_migrations.yaml"},{"@type":"Symfony\\Component\\Config\\Resource\\FileResource","resource":"/home/gabriel-gomes/Desktop/blazar-frontend/blazar-backend/config/packages/doctrine_mongodb.yaml"},{"@type":"Symfony\\Component\\Config\\Resource\\FileResource","resource":"/home/gabriel-gomes/Desktop/blazar-frontend/blazar-backend/config/packages/framework.yaml"},{"@type":"Symfony\\Component\\Config\\Resource\\FileResource","resource":"/home/gabriel-gomes/Desktop/blazar-frontend/blazar-backend/config/packages/nelmio_cors.yaml"},{"@type":"Symfony\\Component\\Config\\Resource\\FileResource","resource":"/home/gabriel-gomes/Desktop/blazar-frontend/blazar-backend/config/packages/routing.yaml"},{"@type":"Symfony\\Component\\Config\\Resource\\FileResource","resource":"/home/gabriel-gomes/Desktop/blazar-frontend/blazar-backend/config/packages/security.yaml"},{"@type":"Symfony\\Component\\Config\\Resource\\FileResource","resource":"/home/gabriel-gomes/Desktop/blazar-frontend/blazar-backend/config/packages/twig.yaml"},{"@type":"Symfony\\Component\\Config\\Resource\\FileResource","resource":"/home/gabriel-gomes/Desktop/blazar-frontend/blazar-backend/config/packages/validator.yaml"},{"@type":"Symfony\\Component\\Config\\Resource\\FileResource","resource":"/home/gabriel-gomes/Desktop/blazar-frontend/blazar-backend/config/services.yaml"},{"@type":"Symfony\\Component\\Config\\Resource\\ReflectionClassResource","files":{"/home/gabriel-gomes/Desktop/blazar-frontend/blazar-backend/src/Command/ConvertXMLToJsonCommand.php":null},"className":"App\\Command\\ConvertXMLToJsonCommand","hash":"376884e95e2567b72078e7504d6f7f67"},{"@type":"Symfony\\Component\\Config\\Resource\\ReflectionClassResource","files":{"/home/gabriel-gomes/Desktop/blazar-frontend/blazar-backend/src/Controller/UserController.php":null},"className":"App\\Controller\\UserController","hash":"25e51c58093ec97678446481571bad6c"},{"@type":"Symfony\\Component\\Config\\Resource\\ReflectionClassResource","files":{"/home/gabriel-gomes/Desktop/blazar-frontend/blazar-backend/src/Controller/premiumController.php":null},"className":"App\\Controller\\premiumController","hash":"9167cf65185c6ddf2140f40195adf80a"},{"@type":"Symfony\\Component\\Config\\Resource\\ReflectionClassResource","files":{"/home/gabriel-gomes/Desktop/blazar-frontend/blazar-backend/src/Document/RawPatent.php":null},"className":"App\\Document\\RawPatent","hash":"73165c188678d9a38183041b386dcb11"},{"@type":"Symfony\\Component\\Config\\Resource\\ReflectionClassResource","files":{"/home/gabriel-gomes/Desktop/blazar-frontend/blazar-backend/src/Document/User.php":null},"className":"App\\Document\\User","hash":"3f6a33974272e4783f1649b38ddf3317"},{"@type":"Symfony\\Component\\Config\\Resource\\ReflectionClassResource","files":{"/home/gabriel-gomes/Desktop/blazar-frontend/blazar-backend/src/Document/premium.php":null},"className":"App\\Document\\premium","hash":"3ef2184c818003ab9d112b060a3ac270"},{"@type":"Symfony\\Component\\Config\\Resource\\ReflectionClassResource","files":{"/home/gabriel-gomes/Desktop/blazar-frontend/blazar-backend/src/Repository/PatentRepository.php":null},"className":"App\\Repository\\PatentRepository","hash":"0918c9a7103149d79e97ea874f541e48"},{"@type":"Symfony\\Component\\Config\\Resource\\ReflectionClassResource","files":{"/home/gabriel-gomes/Desktop/blazar-frontend/blazar-backend/src/Repository/UserRepository.php":null},"className":"App\\Repository\\UserRepository","hash":"28b87d3b152d2a1f66e86dff9a700c39"},{"@type":"Symfony\\Component\\Config\\Resource\\GlobResource","prefix":"/home/gabriel-gomes/Desktop/blazar-frontend/blazar-backend/src","pattern":"","recursive":true,"hash":"7ff5a0344707872dde126ab0f7198aee","forExclusion":false,"excludedPrefixes":{"/home/gabriel-gomes/Desktop/blazar-frontend/blazar-backend/src/Entity":true,"/home/gabriel-gomes/Desktop/blazar-frontend/blazar-backend/src/Kernel.php":true}},{"@type":"Symfony\\Component\\Config\\Resource\\GlobResource","prefix":"/home/gabriel-gomes/Desktop/blazar-frontend/blazar-backend/src/Controller","pattern":"","recursive":true,"hash":"008a299fe00654ba34972dba92cfcb71","forExclusion":false,"excludedPrefixes":[]},{"@type":"Symfony\\Component\\Config\\Resource\\DirectoryResource","resource":"/home/gabriel-gomes/Desktop/blazar-frontend/blazar-backend/src/Entity","pattern":"/\\.(xml|ya?ml|php)$/"},{"@type":"Symfony\\Component\\Config\\Resource\\FileExistenceResource","exists":false,"resource":"/home/gabriel-gomes/Desktop/blazar-frontend/blazar-backend/config/serializer"},{"@type":"Symfony\\Component\\Config\\Resource\\FileExistenceResource","exists":false,"resource":"/home/gabriel-gomes/Desktop/blazar-frontend/blazar-backend/config/validator"},{"@type":"Symfony\\Component\\Config\\Resource\\FileExistenceResource","exists":false,"resource":"/home/gabriel-gomes/Desktop/blazar-frontend/blazar-backend/templates/bundles/ApiPlatformBundle"},{"@type":"Symfony\\Component\\Config\\Resource\\FileExistenceResource","exists":false,"resource":"/home/gabriel-gomes/Desktop/blazar-frontend/blazar-backend/templates/bundles/FrameworkBundle"},{"@type":"Symfony\\Component\\Config\\Resource\\FileExistenceResource","exists":false,"resource":"/home/gabriel-gomes/Desktop/blazar-frontend/blazar-backend/templates/bundles/TwigBundle"},{"@type":"Symfony\\Component\\Config\\Resource\\FileExistenceResource","exists":false,"resource":"/home/gabriel-gomes/Desktop/blazar-frontend/blazar-backend/templates/bundles/SecurityBundle"},{"@type":"Symfony\\Component\\Config\\Resource\\FileExistenceResource","exists":false,"resource":"/home/gabriel-gomes/Desktop/blazar-frontend/blazar-backend/templates/bundles/DoctrineBundle"},{"@type":"Symfony\\Component\\Config\\Resource\\FileExistenceResource","exists":false,"resource":"/home/gabriel-gomes/Desktop/blazar-frontend/blazar-backend/templates/bundles/DoctrineMigrationsBundle"},{"@type":"Symfony\\Component\\Config\\Resource\\FileExistenceResource","exists":false,"resource":"/home/gabriel-gomes/Desktop/blazar-frontend/blazar-backend/templates/bundles/NelmioCorsBundle"},{"@type":"Symfony\\Component\\Config\\Resource\\FileExistenceResource","exists":false,"resource":"/home/gabriel-gomes/Desktop/blazar-frontend/blazar-backend/templates/bundles/DoctrineMongoDBBundle"},{"@type":"Symfony\\Component\\Config\\Resource\\FileExistenceResource","exists":true,"resource":"/home/gabriel-gomes/Desktop/blazar-frontend/blazar-backend/templates"},{"@type":"Symfony\\Component\\Config\\Resource\\ReflectionClassResource","files":{"/home/gabriel-gomes/Desktop/blazar-frontend/blazar-backend/src/Kernel.php":null},"className":"App\\Kernel","hash":"602b816d95a3f65cd2612315eea84069"},{"@type":"Symfony\\Component\\Config\\Resource\\ClassExistenceResource","resource":"Jose\\Component\\Signature\\Algorithm\\ES256","exists":[false,null]},{"@type":"Symfony\\Component\\Config\\Resource\\ClassExistenceResource","resource":"Jose\\Component\\Signature\\Algorithm\\ES384","exists":[false,null]},{"@type":"Symfony\\Component\\Config\\Resource\\ClassExistenceResource","resource":"Jose\\Component\\Signature\\Algorithm\\ES512","exists":[false,null]},{"@type":"Symfony\\Component\\Config\\Resource\\ClassExistenceResource","resource":"Jose\\Component\\Signature\\Algorithm\\RS256","exists":[false,null]},{"@type":"Symfony\\Component\\Config\\Resource\\ClassExistenceResource","resource":"Jose\\Component\\Signature\\Algorithm\\RS384","exists":[false,null]},{"@type":"Symfony\\Component\\Config\\Resource\\ClassExistenceResource","resource":"Jose\\Component\\Signature\\Algorithm\\RS512","exists":[false,null]},{"@type":"Symfony\\Component\\Config\\Resource\\ClassExistenceResource","resource":"Jose\\Component\\Signature\\Algorithm\\PS256","exists":[false,null]},{"@type":"Symfony\\Component\\Config\\Resource\\ClassExistenceResource","resource":"Jose\\Component\\Signature\\Algorithm\\PS384","exists":[false,null]},{"@type":"Symfony\\Component\\Config\\Resource\\ClassExistenceResource","resource":"Jose\\Component\\Signature\\Algorithm\\PS512","exists":[false,null]}]}