{"resources":[{"@type":"Symfony\\Component\\Config\\Resource\\FileResource","resource":"/home/gabriel-gomes/Desktop/blazar-frontend/blazar-backend/config/routes/api_platform.yaml"},{"@type":"Symfony\\Component\\Config\\Resource\\DirectoryResource","resource":"/home/gabriel-gomes/Desktop/blazar-frontend/blazar-backend/src/Entity","pattern":"/\\.php$/"},{"@type":"Symfony\\Component\\Config\\Resource\\FileResource","resource":"/home/gabriel-gomes/Desktop/blazar-frontend/blazar-backend/vendor/api-platform/core/src/Symfony/Bundle/Resources/config/routing/docs.xml"},{"@type":"Symfony\\Component\\Config\\Resource\\FileResource","resource":"/home/gabriel-gomes/Desktop/blazar-frontend/blazar-backend/vendor/api-platform/core/src/Symfony/Bundle/Resources/config/routing/genid.xml"},{"@type":"Symfony\\Component\\Config\\Resource\\FileResource","resource":"/home/gabriel-gomes/Desktop/blazar-frontend/blazar-backend/vendor/api-platform/core/src/Symfony/Bundle/Resources/config/routing/errors.xml"},{"@type":"Symfony\\Component\\Config\\Resource\\FileResource","resource":"/home/gabriel-gomes/Desktop/blazar-frontend/blazar-backend/vendor/api-platform/core/src/Symfony/Bundle/Resources/config/routing/api.xml"},{"@type":"Symfony\\Component\\Config\\Resource\\FileResource","resource":"/home/gabriel-gomes/Desktop/blazar-frontend/blazar-backend/vendor/api-platform/core/src/Symfony/Bundle/Resources/config/routing/jsonld.xml"},{"@type":"Symfony\\Component\\Config\\Resource\\FileResource","resource":"/home/gabriel-gomes/Desktop/blazar-frontend/blazar-backend/config/routes/framework.yaml"},{"@type":"Symfony\\Component\\Config\\Resource\\FileResource","resource":"/home/gabriel-gomes/Desktop/blazar-frontend/blazar-backend/config/routes/security.yaml"},{"@type":"Symfony\\Component\\DependencyInjection\\Config\\ContainerParametersResource","parameters":{"security.logout_uris":[]}},{"@type":"Symfony\\Component\\Config\\Resource\\FileResource","resource":"/home/gabriel-gomes/Desktop/blazar-frontend/blazar-backend/vendor/symfony/security-bundle/Routing/LogoutRouteLoader.php"},{"@type":"Symfony\\Component\\Config\\Resource\\FileResource","resource":"/home/gabriel-gomes/Desktop/blazar-frontend/blazar-backend/config/routes.yaml"},{"@type":"Symfony\\Component\\Config\\Resource\\DirectoryResource","resource":"/home/gabriel-gomes/Desktop/blazar-frontend/blazar-backend/src/Controller","pattern":"/\\.php$/"},{"@type":"Symfony\\Component\\Config\\Resource\\FileResource","resource":"/home/gabriel-gomes/Desktop/blazar-frontend/blazar-backend/src/Controller/UserController.php"},{"@type":"Symfony\\Component\\Config\\Resource\\FileResource","resource":"/home/gabriel-gomes/Desktop/blazar-frontend/blazar-backend/src/Controller/premiumController.php"},{"@type":"Symfony\\Component\\Config\\Resource\\FileResource","resource":"/home/gabriel-gomes/Desktop/blazar-frontend/blazar-backend/src/Kernel.php"},{"@type":"Symfony\\Component\\Config\\Resource\\FileResource","resource":"/home/gabriel-gomes/Desktop/blazar-frontend/blazar-backend/vendor/symfony/http-kernel/Kernel.php"},{"@type":"Symfony\\Component\\DependencyInjection\\Config\\ContainerParametersResource","parameters":[]},{"@type":"Symfony\\Component\\Config\\Resource\\FileResource","resource":"/home/gabriel-gomes/Desktop/blazar-frontend/blazar-backend/var/cache/prod/App_KernelProdContainer.php"}]}